epoch	selection	event	subject	run	trial	intensity	rating	painful	__eegtable_row_id	eeg_band-power_theta_f3_baseline_log10_p48d08c95b18c	eeg_band-power_theta_f3_stimulus_log10_pc24a7c71b9b6	eeg_band-power_theta_fz_baseline_log10_p45c75b5b6e17	eeg_band-power_theta_fz_stimulus_log10_pfeed153d9ba6	eeg_band-power_theta_f4_baseline_log10_p3e028619c35e	eeg_band-power_theta_f4_stimulus_log10_pb90f5a0a852b	eeg_band-power_theta_c3_baseline_log10_p3afb84181fc9	eeg_band-power_theta_c3_stimulus_log10_p3012f33cb9c2	eeg_band-power_theta_cz_baseline_log10_p2af666210b7a	eeg_band-power_theta_cz_stimulus_log10_p715577602ca6	eeg_band-power_theta_c4_baseline_log10_p0162d5f29308	eeg_band-power_theta_c4_stimulus_log10_p9c3050579e74	eeg_band-power_theta_p3_baseline_log10_p0599717a09ca	eeg_band-power_theta_p3_stimulus_log10_pb4a6e9e5e2f0	eeg_band-power_theta_pz_baseline_log10_p29af04c031be	eeg_band-power_theta_pz_stimulus_log10_pdabfd222fa8a	eeg_band-power_theta_global_baseline_log10_p07ceb9f22569	eeg_band-power_theta_global_stimulus_log10_pc897b77cf086	eeg_band-power_alpha_f3_baseline_log10_p0d20e8508ed6	eeg_band-power_alpha_f3_stimulus_log10_p3602ad85bd00	eeg_band-power_alpha_fz_baseline_log10_pa2b03580e88e	eeg_band-power_alpha_fz_stimulus_log10_pd7cb9744913c	eeg_band-power_alpha_f4_baseline_log10_p3f3c071b6f5a	eeg_band-power_alpha_f4_stimulus_log10_p6faa277704b9	eeg_band-power_alpha_c3_baseline_log10_p0e0410b3e1fb	eeg_band-power_alpha_c3_stimulus_log10_p1fb8cc9cf05a	eeg_band-power_alpha_cz_baseline_log10_p9267424574fa	eeg_band-power_alpha_cz_stimulus_log10_p400ef60dc7e2	eeg_band-power_alpha_c4_baseline_log10_pbf663727849c	eeg_band-power_alpha_c4_stimulus_log10_p046aa7cd7b4a	eeg_band-power_alpha_p3_baseline_log10_pf34ea5cd161b	eeg_band-power_alpha_p3_stimulus_log10_p0532b0811cb5	eeg_band-power_alpha_pz_baseline_log10_pe2b8d53cf7d6	eeg_band-power_alpha_pz_stimulus_log10_pdb51f39f023d	eeg_band-power_alpha_global_baseline_log10_p3fbc4f60ce2d	eeg_band-power_alpha_global_stimulus_log10_p7faedee7542c	eeg_band-power_beta_f3_baseline_log10_p5b95a4debb0c	eeg_band-power_beta_f3_stimulus_log10_p073491e82892	eeg_band-power_beta_fz_baseline_log10_pd6687e8f4be2	eeg_band-power_beta_fz_stimulus_log10_p7101abc0df80	eeg_band-power_beta_f4_baseline_log10_p5ae5935a786d	eeg_band-power_beta_f4_stimulus_log10_p5379a7edcf81	eeg_band-power_beta_c3_baseline_log10_p12d07f865508	eeg_band-power_beta_c3_stimulus_log10_pb9561c7e2eb6	eeg_band-power_beta_cz_baseline_log10_pce74c6e2b9f2	eeg_band-power_beta_cz_stimulus_log10_pa73294d94084	eeg_band-power_beta_c4_baseline_log10_p45bca5763d98	eeg_band-power_beta_c4_stimulus_log10_pfb91e9c8f152	eeg_band-power_beta_p3_baseline_log10_pa2332a4e2444	eeg_band-power_beta_p3_stimulus_log10_p5a2dc2734341	eeg_band-power_beta_pz_baseline_log10_p4bf59cfe81a9	eeg_band-power_beta_pz_stimulus_log10_pad9b856ef797	eeg_band-power_beta_global_baseline_log10_pb8c7b225b444	eeg_band-power_beta_global_stimulus_log10_pfc2077ae1662	eeg_erds-mean_alpha_central_stimulus_db_p839a4d419937	eeg_erds-mean_alpha_parietal_stimulus_db_p1e67b5f80fdb	eeg_erds-mean_alpha_global_stimulus_db_p437ede9b3bc8	eeg_erds-mean_beta_central_stimulus_db_p507f4b7964ff	eeg_erds-mean_beta_parietal_stimulus_db_p369b40627572	eeg_erds-mean_beta_global_stimulus_db_p264ee7de83da	eeg_peak-freq-adjusted_alpha_global_baseline_raw_pa4d1424a2613	eeg_peak-freq-adjusted_alpha_global_stimulus_raw_p85bb6675ebce
0	0	stim	sub-01	run-01	1	1.0	46.26	0	"[""sub-01/eeg/sub-01_task-pain_run-01_epo.fif"",0,""stim""]"	-10.961087483649115	-10.725457085385798	-10.693647135914457	-10.827692839339491	-10.598636839996328	-10.806929220040313	-10.912312171275993	-10.66318103669087	-10.824284357032349	-10.917708037602065	-10.961326136516934	-10.824528697166011	-10.981249744169967	-10.850205569071552	-10.559782607176205	-10.818101658670601	-10.811540809466418	-10.804225517995839	-10.06248692271634	-10.105135170997583	-10.139442209003672	-10.140020290245468	-10.140852185410369	-10.102825943703733	-10.049168381021696	-10.321768559445898	-10.263408732679832	-10.312644514415329	-10.075285598366325	-10.316067747376172	-10.146135351232202	-10.114528245183292	-10.220447108818467	-10.093554285383167	-10.137153311156112	-10.18831809459383	-11.275488643102337	-11.167994235000553	-11.173373771202993	-11.143523603737309	-11.300293473878654	-11.124084055453055	-11.13963648048719	-11.196370538007102	-11.362550223365643	-11.182368646304344	-11.21894901857633	-11.208610347661308	-11.447105074807109	-11.1655014668841	-11.129751043774855	-11.066394524845816	-11.25589346614939	-11.156855927236698	-2.1038641054924407	0.4937260684698659	-0.6832765403097156	-2.8359609672117947	-2.5454332926215777	-2.6962310083457597	9.90570114561598	9.916392960186599
1	1	stim	sub-01	run-01	2	1.0	25.9	0	"[""sub-01/eeg/sub-01_task-pain_run-01_epo.fif"",1,""stim""]"	-10.991208527244783	-10.968552982560144	-10.84867766822451	-10.968984582957315	-11.053653745866852	-10.96703132442561	-10.701577549658623	-10.936519586533421	-10.805488923488356	-10.791494798160107	-10.850533323834103	-10.829058888026914	-10.878832721323366	-10.824465804774258	-10.835927967779334	-10.779990423144612	-10.870737553427489	-10.883262298822798	-10.200275043012583	-10.140035086716551	-10.113042429625144	-10.142950760558112	-10.017473169788273	-10.182502580745703	-10.133826357731913	-10.313344479558376	-10.225466776772118	-10.324667149544462	-10.091630188393275	-10.327792123634154	-10.118120478968326	-10.115671496820626	-10.072688250250838	-10.095975393403695	-10.121565336817808	-10.205367383872709	-11.447191732432547	-11.255782286778052	-11.359529487243112	-11.1111593520887	-10.955886890713307	-11.16406121029481	-11.192395270963026	-11.194948674600564	-11.116845666504423	-11.238167498374352	-11.130778821847693	-11.262845179619774	-11.391996624916745	-11.325893695050187	-11.238434602410814	-11.064562036434666	-11.22913238712896	-11.202177491655137	-1.7679748492077791	-0.20073276734639778	-0.9333841281467116	-2.408112114995429	-1.6572206587166045	-2.052904550066556	9.93778581358966	9.925820414490282
2	2	stim	sub-01	run-01	3	4.0	61.92	1	"[""sub-01/eeg/sub-01_task-pain_run-01_epo.fif"",2,""stim""]"	-10.610503343945641	-10.747775314690024	-10.815609257119524	-10.86825659974255	-11.084810538858815	-10.834747324353952	-10.878837008099358	-10.91241841272377	-11.064704380230122	-10.80650265436598	-10.70248889480708	-10.989776206863418	-10.50908685792737	-10.855846204746758	-10.873887914703163	-10.827626716807012	-10.817491024461383	-10.855368679286682	-10.162159556962973	-10.137065522826042	-10.127092309016637	-10.124391926531874	-10.010054125235076	-10.126181141289779	-10.039177931524984	-11.095707568927018	-10.161882640051997	-11.113035998892023	-10.1490114175115	-11.016388356238096	-10.216188955648251	-10.162800103563198	-10.106556424583529	-10.125864115043756	-10.121515420066869	-10.487679341663974	-11.492048591181057	-11.216192486363912	-11.107176462011239	-11.23528341465118	-11.049310833853031	-11.26657036867841	-11.172970899915855	-11.194049375795398	-11.181452141569514	-11.218914065581197	-11.226422226345566	-11.26996077752372	-11.19421573249808	-11.254653864666777	-11.203741585069471	-11.124426385034733	-11.203417309055476	-11.222506342286916	-10.5441337533809	-0.23644484133116775	-4.162054295811474	-2.87416275274273	-1.917464758829082	-2.4264525080156023	9.935422430032238	9.916290642996334
3	3	stim	sub-01	run-01	4	2.0	47.18	0	"[""sub-01/eeg/sub-01_task-pain_run-01_epo.fif"",3,""stim""]"	-10.810492756306976	-10.826276893709021	-11.062058901797265	-10.89726997359477	-10.909874293376141	-10.82154760433845	-10.839653813549695	-10.756958024766416	-10.870145545000698	-10.876934140623467	-10.749804046426302	-10.935855256345253	-10.894152541043514	-10.825433917095994	-10.914154560588843	-10.902947697426095	-10.881292057261179	-10.855402938487435	-10.207398880573184	-10.16780293893138	-10.202105907304551	-10.12235598028607	-10.134268877999542	-10.19224023444757	-10.143071690254095	-10.483350277620671	-10.1214559390228	-10.556045176377104	-10.185691599461652	-10.478637123364498	-10.093208799475775	-10.127453453753605	-10.154503686056655	-10.096648129958483	-10.155213172518533	-10.278066664342424	-11.288602673413509	-11.215724983209716	-11.164647808275642	-11.343975796200402	-11.252560786771385	-11.162952688505008	-11.120911862720597	-11.17061224760708	-11.279019472099238	-11.242331538970117	-11.107690561890912	-11.1887215504015	-11.103613395617861	-11.288661285796001	-10.959758272307196	-11.286601569499087	-11.159600604137042	-11.237447707523613	-4.107128402934021	-0.06537734616258192	-1.5070357732085118	-2.450679662475876	-3.31686483328929	-2.8004727679790133	9.917189791456353	9.911816872217505
4	4	stim	sub-01	run-01	5	3.0	49.41	1	"[""sub-01/eeg/sub-01_task-pain_run-01_epo.fif"",4,""stim""]"	-10.635098594478238	-10.94976931479849	-10.962650622484606	-10.914062078992544	-10.788445489487701	-10.964854720951408	-10.87065765999932	-10.801945048233186	-10.689250211519987	-10.78069206004819	-10.942545990498951	-10.915300939497794	-10.681929388109525	-10.883330178220694	-10.995713106203702	-10.832203648322212	-10.820786382847754	-10.880269748633063	-10.280892489968982	-10.10665016403532	-10.187745801811916	-10.128116495879475	-10.017925070525308	-10.161833219776986	-10.206057970371853	-10.821334490050347	-10.054889634029909	-10.841018728324636	-10.198487084656277	-10.791919190315278	-10.072530084793593	-10.131799205089584	-10.148474379082801	-10.107647079949045	-10.14587531440508	-10.386289821677584	-11.380802036895652	-11.141570610399254	-11.03154625244394	-11.171776041267671	-11.376380730694882	-11.211802819677956	-11.243435553554914	-11.214945836728416	-11.312646704737496	-11.232276906163504	-11.097008283743612	-11.199214102464564	-11.303959858656578	-11.284055907676434	-11.30183135220399	-11.181199592265784	-11.255951346616383	-11.204605227080448	-7.101856440836536	-0.2659820263731012	-2.8586232046478344	-2.1476156597829408	-2.1899942959086065	-1.8491680110510424	9.9434149913441	9.915308765375569
5	5	stim	sub-01	run-01	6	3.0	7.64	1	"[""sub-01/eeg/sub-01_task-pain_run-01_epo.fif"",5,""stim""]"	-10.735418854042848	-10.928080398738928	-10.842225311877414	-10.874379423697333	-10.73818346818075	-10.852651595405446	-10.71594827893359	-11.03523939225112	-10.782869618212505	-10.89113570482971	-10.73995068334127	-10.836480934099125	-10.81437067872902	-10.806072730277952	-11.004821957671806	-10.84135579536543	-10.79672360637365	-10.88317449683313	-10.19427540182832	-10.14199134568066	-10.004714976682717	-10.134350932147752	-10.05755818559578	-10.118363317152895	-10.13750821065174	-10.685882477074896	-10.129672021054304	-10.880798244882785	-10.114379400325037	-10.727172043194686	-10.086128311449693	-10.114515402559904	-10.120580031885117	-10.131187503753969	-10.105602067434088	-10.366782658305942	-11.080571187633595	-11.09951486450627	-11.538768807370706	-11.184815002378892	-10.993776503354521	-11.163600599848923	-11.335471393359484	-11.147146108725176	-11.180586330056453	-11.081096884835521	-11.21019537208541	-11.151471950474726	-11.0855397506098	-11.34438922929498	-11.263486304238493	-11.089739929320878	-11.211049456088558	-11.157721821173169	-6.685660840514405	-0.07174243362138388	-2.734759237613614	-2.1739171832632955	-1.867684873461485	-1.848092417376338	9.91005086200027	9.9299858783297
6	6	stim	sub-01	run-01	7	3.0	48.92	1	"[""sub-01/eeg/sub-01_task-pain_run-01_epo.fif"",6,""stim""]"	-10.746147223806387	-10.827335400990584	-10.743216278359702	-10.958962915539402	-11.100307895582853	-10.780563994708299	-10.524593518442748	-10.907056244814356	-10.953503779082297	-10.844057623232294	-10.87873231921462	-10.873885535811262	-10.872534892749195	-10.890372035717597	-10.95791564562006	-10.879639418297185	-10.847118944107233	-10.870234146138873	-10.19148519164893	-10.130380739369782	-10.127886313470249	-10.159456611531123	-10.319397304121413	-10.153475142785746	-10.136182709199574	-10.761359364716744	-10.15981437266029	-10.800137861380092	-10.115647703333844	-10.771284546263475	-10.191246707795948	-10.144726580529982	-10.211851959166696	-10.152083049534541	-10.181689032674617	-10.384112987013935	-11.288748900133912	-11.10869209786829	-11.336631289915251	-11.1420274443564	-11.073554590554547	-11.205489181951483	-11.285726048877654	-11.239939809917118	-11.13405327475108	-11.149681475754713	-11.162404369747248	-11.156113893648731	-11.315764136778606	-11.15476786695651	-11.354623465484226	-11.22373513584753	-11.243938259530315	-11.172555863287597	-6.442505922870322	0.299095477534092	-2.377998580235614	-2.8956416509437335	-1.4460347639053777	-2.5360104829960584	9.931242026683712	9.923182383164077
7	7	stim	sub-01	run-01	8	1.0	17.54	0	"[""sub-01/eeg/sub-01_task-pain_run-01_epo.fif"",7,""stim""]"	-10.88466666738903	-10.825804106160906	-10.901600724583032	-10.854523528371708	-10.765082659200676	-10.831976759811432	-11.012265270629253	-10.858232552643976	-10.818832289713017	-10.978763256983656	-10.861939561461979	-10.76782500258112	-10.850155551154053	-10.823336178921798	-10.821076313520745	-10.837227410957892	-10.864452379706472	-10.84721109955406	-10.195371404350889	-10.098710716879484	-10.081279165964249	-10.163786483712093	-10.198373828069384	-10.144794383447094	-10.047604242050248	-10.35552130731479	-10.129617945428462	-10.319316594111388	-10.147388528272042	-10.303166258696049	-10.138061311597918	-10.1156552969755	-10.199143728522595	-10.140852595763635	-10.142105019281974	-10.205225454612505	-11.443295077023308	-11.119411775406844	-11.109297358118441	-11.205518150189043	-11.30911605109993	-11.1997529192987	-10.973117472555202	-11.338121715155904	-11.414877490388466	-11.23273486620974	-11.148669949521155	-11.225524099875871	-11.216001177137377	-11.254197492394404	-11.193747301647932	-11.198763097071824	-11.226015234686475	-11.221753014450291	-1.887321230138257	0.27072991563667115	-0.720407627068613	-2.9588893942643963	-2.8776664386421498	-2.5297327105499123	9.910555836106644	9.910242643179577
8	8	stim	sub-01	run-01	9	2.0	73.33	0	"[""sub-01/eeg/sub-01_task-pain_run-01_epo.fif"",8,""stim""]"	-10.787439998971536	-10.827158989370657	-10.946087597044633	-10.853881548640297	-11.003774974458622	-10.903353954783201	-10.788600609453862	-10.813206589845539	-10.690987083728304	-10.797650969660975	-10.79637429218731	-10.717183781374125	-11.388254198460825	-10.889823348760734	-10.846993323350107	-10.876571080618445	-10.906064009706899	-10.834853782881748	-10.095713250223636	-10.107178991054008	-10.220483339904442	-10.104493741474814	-10.280133609961386	-10.130672662377535	-10.155148507470257	-10.523221019590947	-10.186383361428268	-10.436424289934846	-10.116054179187174	-10.392224739510919	-10.033339966840012	-10.228147369711051	-10.200246842677025	-10.119423197543085	-10.160937882211524	-10.25522325139965	-11.039770655267668	-11.112241986229785	-11.053040312560956	-11.208171618116296	-11.092434034118718	-11.242856999223875	-11.042280763082672	-11.223678953294579	-11.28540155856407	-11.185677468654367	-11.296058972182987	-11.193613511472115	-11.406531407941058	-11.160092020574922	-11.163919344284537	-11.177252855316599	-11.172429631000334	-11.187948176610316	-3.2499334907381936	-0.53071452755379	-1.3045887359508288	-3.0553992676231894	-2.4199422880900787	-2.836004269676297	9.934827814593673	9.91794626384123
9	9	stim	sub-01	run-01	10	1.0	-4.64	0	"[""sub-01/eeg/sub-01_task-pain_run-01_epo.fif"",9,""stim""]"	-10.918243275688212	-10.69973306143609	-10.782142936081947	-10.834886593193705	-10.719672581483046	-10.835093347575384	-11.223884445406117	-10.920173760983237	-10.809780377632931	-10.910089182232793	-10.656836913937086	-10.846426902046368	-10.964849128289297	-10.791153861154664	-10.919210137122947	-10.836323877624439	-10.874327474455198	-10.834235073280835	-10.057387859623157	-10.094738000035518	-10.140929294565609	-10.118782941744342	-10.184258065223476	-10.118721982567264	-10.06221859256195	-10.218431593831026	-10.199928574432418	-10.290756156512591	-10.088286487277614	-10.29796740220071	-10.23686312831114	-10.109398667218837	-10.214497678394117	-10.09579202440542	-10.148046210048683	-10.168073596064463	-11.454523106127379	-11.168867204374807	-11.30762318863901	-11.298438800197353	-11.29868699896494	-11.142054101519275	-11.031522370525407	-11.107393668556712	-11.170493328477406	-11.19603351057056	-11.097184037921373	-11.225850320771144	-11.39978983663946	-11.049145027510395	-11.152421532460107	-11.261311678648191	-11.239030549969385	-11.181136789018552	-1.78636075544656	0.48406206682934405	-0.531805075794865	-2.6517663541067567	-1.8292048516746136	-1.8666556431719434	9.902369343104294	9.91102465226182
10	10	stim	sub-01	run-01	11	2.0	37.19	0	"[""sub-01/eeg/sub-01_task-pain_run-01_epo.fif"",10,""stim""]"	-10.839967928616346	-10.924586894763882	-11.0630996455647	-10.886160596784288	-10.747661950192354	-10.803783065477859	-10.821691828766138	-10.888590979297097	-10.96059034516259	-10.858346789361224	-11.107286237602334	-10.85968387042599	-10.990128569435047	-10.876122895178776	-11.080232927760832	-10.91054048462066	-10.951332429137542	-10.875976946988724	-10.144334445722361	-10.100078344572212	-10.10786503616785	-10.140306481351127	-10.090123917866306	-10.130790503429594	-10.168148752319489	-10.56004484674852	-10.092022511486071	-10.566034128149795	-10.087174739603357	-10.469593030156396	-10.073835159423028	-10.122555620016454	-10.14888260843642	-10.134849811783646	-10.114048396378111	-10.278031595775968	-10.873635390651131	-11.2432436113931	-11.204142646293423	-11.238302032975358	-11.27160192604987	-11.222613472653247	-11.217979440743893	-11.128978520192613	-11.076346577977178	-11.225913572838456	-11.524503407894	-11.067161490005567	-11.183501509946126	-11.251527763257792	-11.091292264171553	-11.246158245322526	-11.180375395465898	-11.202987338579835	-4.526894453311855	-0.2060979796462858	-1.7714112535026896	-1.428641504979903	-2.3845071693239963	-2.4408504654965353	9.946294351435775	9.916637849859095
11	11	stim	sub-01	run-01	12	4.0	77.06	1	"[""sub-01/eeg/sub-01_task-pain_run-01_epo.fif"",11,""stim""]"	-10.884916666836785	-10.846807268283959	-10.907049992818733	-10.81184619034213	-10.87232290165993	-10.84850090232721	-10.943931268928731	-10.805527562318757	-10.897372417488056	-10.927021335415828	-10.691958104666142	-10.839812082905294	-10.923917043476713	-10.868837451528574	-10.7404521644293	-10.842876378716952	-10.85774007003805	-10.848903646479839	-10.104385452047818	-10.107976470825307	-10.209943815913718	-10.171718542834354	-10.059395909938242	-10.113910153674501	-9.999290730121666	-11.119675700027658	-10.203552457873819	-11.273442588823542	-10.000595719342645	-11.171457590439905	-10.194772151426278	-10.15170206456474	-10.147247024167186	-10.175153938499845	-10.114897907603922	-10.535629631211233	-11.260440399386397	-11.22003707196132	-11.118708540933573	-11.348089786715828	-11.278934710469944	-11.318651581805034	-11.296231056422103	-11.185808229007836	-11.173133058338907	-11.18946270361446	-11.09272389840703	-11.233126079275538	-11.475982410959668	-11.23714220367547	-11.08974288146741	-11.16735072648177	-11.22323711954813	-11.237458547817159	-12.221681144923878	-0.4795979369722172	-4.787229694004043	-2.7659643300264327	-1.94404562668471	-2.478417188243198	9.925062200578292	9.893217053338574
12	12	stim	sub-01	run-01	13	3.0	89.17	1	"[""sub-01/eeg/sub-01_task-pain_run-01_epo.fif"",12,""stim""]"	-11.021180302709626	-10.86497424576147	-10.748038360767225	-10.882375953437634	-10.836453659587491	-10.805340782894953	-11.000889412681003	-10.762973494216968	-11.147030810660807	-10.875717214364162	-10.882792147882922	-10.904687529794847	-10.993856253631394	-10.809219160554445	-11.085578112407227	-10.931405177451342	-10.964477382540963	-10.854586694809477	-10.07605936489971	-10.060184883526626	-10.056000296794988	-10.162388124287668	-10.137513837887141	-10.162105842101141	-10.193550551638928	-10.757904172895714	-10.14063554818502	-10.853269535592519	-10.19722101179799	-10.793001596737454	-10.153524722365244	-10.150593775228687	-10.242483982068785	-10.149233391690245	-10.149623664454728	-10.386085165257507	-11.109023112717267	-11.34411734990986	-11.320761703576686	-11.25918408573664	-11.205990454353703	-11.150779670179924	-11.372079270235291	-11.254259872944251	-11.212962607187416	-11.219492474558475	-11.311218565886406	-11.226922951479375	-11.214680900963838	-11.158315828073121	-11.080885977853857	-11.108154780159923	-11.228450324096807	-11.215153376630196	-6.8792559683969365	0.003620442966520714	-2.6531040667703976	-2.235522476499933	-1.9644399412625009	-2.3459881906612106	9.931862645411057	9.904426581020964
13	13	stim	sub-01	run-01	14	1.0	49.77	0	"[""sub-01/eeg/sub-01_task-pain_run-01_epo.fif"",13,""stim""]"	-10.882076885753039	-10.996474990828409	-10.981133465983389	-10.889728887475833	-10.948592720348056	-11.012142584086831	-10.892924790515535	-10.848820192580797	-10.871951200696286	-10.750078476943246	-10.694955684688612	-10.850946233047843	-10.742763130378927	-10.794096278509093	-10.962473926113502	-10.919059797716939	-10.87210897555967	-10.882668430148623	-10.152896377426796	-10.15700770361813	-10.019008637819772	-10.128753716726825	-10.141406236356662	-10.120390564009433	-10.125178810609501	-10.290475751687833	-10.123944517756772	-10.308365952360296	-10.17630563741511	-10.21918848330294	-10.052511353339867	-10.13470108212684	-10.018935557221285	-10.118700786164558	-10.10127339099322	-10.184698004999605	-11.209707908543512	-11.271098210863713	-11.108165501120574	-11.383162292445974	-11.131442445413882	-11.174115857636062	-11.31602749296855	-11.186444827971824	-10.968624953082859	-11.175488428424979	-11.343699206819783	-11.281456947328143	-11.257096806197104	-11.172184099963683	-11.275306057814003	-11.177541275836937	-11.201258796495035	-11.227686492558913	-1.5659092187085397	-0.7249702383633612	-0.8882795254865937	-2.6052664337708014	-2.947028242140953	-2.852666662308394	9.919021781616188	9.911619292156029
14	14	stim	sub-01	run-01	15	3.0	40.81	1	"[""sub-01/eeg/sub-01_task-pain_run-01_epo.fif"",14,""stim""]"	-10.817125058322267	-10.70064113000752	-10.780850307767597	-11.03718957360042	-10.921223462080981	-10.792270718272377	-10.83788076459764	-10.843751242107869	-10.87466144205509	-10.842599775194923	-10.726698253717544	-10.78998166903247	-11.056092645793433	-10.897997431227209	-10.891601581221927	-10.865772980136153	-10.863266689444558	-10.84627556494737	-10.043676600811112	-10.17715607804377	-10.076453040378151	-10.15465054138796	-10.03333907647373	-10.17868396576339	-10.118796701942337	-10.82157035500322	-10.173744298052297	-10.697515030938494	-10.106003889872117	-10.78282832813237	-10.157222618063361	-10.15696392973219	-10.139859235198948	-10.136325651905068	-10.106136932599007	-10.388211735113307	-11.124543653756879	-11.337287664906691	-11.180389079952597	-11.201733131759744	-11.048528257289426	-11.307517726452463	-11.228142013509718	-11.206362127599371	-11.250768190504132	-11.177856266757301	-11.231890884013154	-11.277634821188721	-11.181687153464267	-11.186077372814383	-11.337340106053967	-11.246800600223178	-11.197911167318018	-11.242658713962731	-6.701491817612975	0.2318329962129303	-2.7108015409955795	-2.49576158303883	-1.5904701338458946	-2.7434212188441616	9.92888428832788	9.901811473204488
15	15	stim	sub-01	run-01	16	1.0	75.37	0	"[""sub-01/eeg/sub-01_task-pain_run-01_epo.fif"",15,""stim""]"	-11.127919034591791	-10.762113701969481	-10.944674801557941	-10.809428484053536	-10.788261987924857	-10.817864878770715	-10.7048386401257	-10.886759775992836	-10.964254625651089	-10.76089478134265	-10.739529048523528	-10.876829515370046	-10.79847509053402	-11.035420189697255	-10.832194904622618	-10.855382270950876	-10.862518516691441	-10.850586699768424	-10.230832372743372	-10.122496754962306	-10.10156927500056	-10.124329302557785	-10.030285037504074	-10.167250570562935	-10.014801332722492	-10.234881356445802	-10.138653234836339	-10.249897140883967	-10.085173497345732	-10.30864370741111	-10.124761865848168	-10.127974723229721	-10.098462155439321	-10.12136637864112	-10.103067346430008	-10.182104991836844	-11.255981332951018	-11.266927782598723	-11.22785152760868	-11.269377819839374	-11.252282655469733	-11.155360340895939	-11.306352664717146	-11.063409663605373	-11.202179705472613	-11.235997800670928	-11.051937352740193	-11.375488992136775	-11.119861114280459	-11.352984306339588	-11.004145217904078	-11.214997683809928	-11.17757394639299	-11.24181804873708	-1.8658436796648512	0.08649952043168485	-0.8531476976965985	-2.8297267744418324	-2.9861376990868873	-2.754322518628156	9.926254444668308	9.902822164843927
