epoch	__eegtable_row_id	eeg_band-power_theta_f3_baseline_log10_p48d08c95b18c	eeg_band-power_theta_f3_stimulus_log10_pc24a7c71b9b6	eeg_band-power_theta_fz_baseline_log10_p45c75b5b6e17	eeg_band-power_theta_fz_stimulus_log10_pfeed153d9ba6	eeg_band-power_theta_f4_baseline_log10_p3e028619c35e	eeg_band-power_theta_f4_stimulus_log10_pb90f5a0a852b	eeg_band-power_theta_c3_baseline_log10_p3afb84181fc9	eeg_band-power_theta_c3_stimulus_log10_p3012f33cb9c2	eeg_band-power_theta_cz_baseline_log10_p2af666210b7a	eeg_band-power_theta_cz_stimulus_log10_p715577602ca6	eeg_band-power_theta_c4_baseline_log10_p0162d5f29308	eeg_band-power_theta_c4_stimulus_log10_p9c3050579e74	eeg_band-power_theta_p3_baseline_log10_p0599717a09ca	eeg_band-power_theta_p3_stimulus_log10_pb4a6e9e5e2f0	eeg_band-power_theta_pz_baseline_log10_p29af04c031be	eeg_band-power_theta_pz_stimulus_log10_pdabfd222fa8a	eeg_band-power_theta_global_baseline_log10_p07ceb9f22569	eeg_band-power_theta_global_stimulus_log10_pc897b77cf086	eeg_band-power_alpha_f3_baseline_log10_p0d20e8508ed6	eeg_band-power_alpha_f3_stimulus_log10_p3602ad85bd00	eeg_band-power_alpha_fz_baseline_log10_pa2b03580e88e	eeg_band-power_alpha_fz_stimulus_log10_pd7cb9744913c	eeg_band-power_alpha_f4_baseline_log10_p3f3c071b6f5a	eeg_band-power_alpha_f4_stimulus_log10_p6faa277704b9	eeg_band-power_alpha_c3_baseline_log10_p0e0410b3e1fb	eeg_band-power_alpha_c3_stimulus_log10_p1fb8cc9cf05a	eeg_band-power_alpha_cz_baseline_log10_p9267424574fa	eeg_band-power_alpha_cz_stimulus_log10_p400ef60dc7e2	eeg_band-power_alpha_c4_baseline_log10_pbf663727849c	eeg_band-power_alpha_c4_stimulus_log10_p046aa7cd7b4a	eeg_band-power_alpha_p3_baseline_log10_pf34ea5cd161b	eeg_band-power_alpha_p3_stimulus_log10_p0532b0811cb5	eeg_band-power_alpha_pz_baseline_log10_pe2b8d53cf7d6	eeg_band-power_alpha_pz_stimulus_log10_pdb51f39f023d	eeg_band-power_alpha_global_baseline_log10_p3fbc4f60ce2d	eeg_band-power_alpha_global_stimulus_log10_p7faedee7542c	eeg_band-power_beta_f3_baseline_log10_p5b95a4debb0c	eeg_band-power_beta_f3_stimulus_log10_p073491e82892	eeg_band-power_beta_fz_baseline_log10_pd6687e8f4be2	eeg_band-power_beta_fz_stimulus_log10_p7101abc0df80	eeg_band-power_beta_f4_baseline_log10_p5ae5935a786d	eeg_band-power_beta_f4_stimulus_log10_p5379a7edcf81	eeg_band-power_beta_c3_baseline_log10_p12d07f865508	eeg_band-power_beta_c3_stimulus_log10_pb9561c7e2eb6	eeg_band-power_beta_cz_baseline_log10_pce74c6e2b9f2	eeg_band-power_beta_cz_stimulus_log10_pa73294d94084	eeg_band-power_beta_c4_baseline_log10_p45bca5763d98	eeg_band-power_beta_c4_stimulus_log10_pfb91e9c8f152	eeg_band-power_beta_p3_baseline_log10_pa2332a4e2444	eeg_band-power_beta_p3_stimulus_log10_p5a2dc2734341	eeg_band-power_beta_pz_baseline_log10_p4bf59cfe81a9	eeg_band-power_beta_pz_stimulus_log10_pad9b856ef797	eeg_band-power_beta_global_baseline_log10_pb8c7b225b444	eeg_band-power_beta_global_stimulus_log10_pfc2077ae1662	eeg_erds-mean_alpha_central_stimulus_db_p839a4d419937	eeg_erds-mean_alpha_parietal_stimulus_db_p1e67b5f80fdb	eeg_erds-mean_alpha_global_stimulus_db_p437ede9b3bc8	eeg_erds-mean_beta_central_stimulus_db_p507f4b7964ff	eeg_erds-mean_beta_parietal_stimulus_db_p369b40627572	eeg_erds-mean_beta_global_stimulus_db_p264ee7de83da	eeg_peak-freq-adjusted_alpha_global_baseline_raw_pa4d1424a2613	eeg_peak-freq-adjusted_alpha_global_stimulus_raw_p85bb6675ebce
0	"[""sub-01/eeg/sub-01_task-pain_run-01_epo.fif"",0,""stim""]"	1.0	1.0	1.0	1.0	1.0	1.0	1.0	1.0	1.0	1.0	1.0	1.0	1.0	1.0	1.0	1.0	1.0	1.0	1.0	1.0	1.0	1.0	1.0	1.0	1.0	1.0	1.0	1.0	1.0	1.0	1.0	1.0	1.0	1.0	1.0	1.0	1.0	1.0	1.0	1.0	1.0	1.0	1.0	1.0	1.0	1.0	1.0	1.0	1.0	1.0	1.0	1.0	1.0	1.0	1.0	1.0	1.0	1.0	1.0	1.0	1.0	1.0
1	"[""sub-01/eeg/sub-01_task-pain_run-01_epo.fif"",1,""stim""]"	1.0	1.0	1.0	1.0	1.0	1.0	1.0	1.0	1.0	1.0	1.0	1.0	1.0	1.0	1.0	1.0	1.0	1.0	1.0	1.0	1.0	1.0	1.0	1.0	1.0	1.0	1.0	1.0	1.0	1.0	1.0	1.0	1.0	1.0	1.0	1.0	1.0	1.0	1.0	1.0	1.0	1.0	1.0	1.0	1.0	1.0	1.0	1.0	1.0	1.0	1.0	1.0	1.0	1.0	1.0	1.0	1.0	1.0	1.0	1.0	1.0	1.0
2	"[""sub-01/eeg/sub-01_task-pain_run-01_epo.fif"",2,""stim""]"	1.0	1.0	1.0	1.0	1.0	1.0	1.0	1.0	1.0	1.0	1.0	1.0	1.0	1.0	1.0	1.0	1.0	1.0	1.0	1.0	1.0	1.0	1.0	1.0	1.0	1.0	1.0	1.0	1.0	1.0	1.0	1.0	1.0	1.0	1.0	1.0	1.0	1.0	1.0	1.0	1.0	1.0	1.0	1.0	1.0	1.0	1.0	1.0	1.0	1.0	1.0	1.0	1.0	1.0	1.0	1.0	1.0	1.0	1.0	1.0	1.0	1.0
3	"[""sub-01/eeg/sub-01_task-pain_run-01_epo.fif"",3,""stim""]"	1.0	1.0	1.0	1.0	1.0	1.0	1.0	1.0	1.0	1.0	1.0	1.0	1.0	1.0	1.0	1.0	1.0	1.0	1.0	1.0	1.0	1.0	1.0	1.0	1.0	1.0	1.0	1.0	1.0	1.0	1.0	1.0	1.0	1.0	1.0	1.0	1.0	1.0	1.0	1.0	1.0	1.0	1.0	1.0	1.0	1.0	1.0	1.0	1.0	1.0	1.0	1.0	1.0	1.0	1.0	1.0	1.0	1.0	1.0	1.0	1.0	1.0
4	"[""sub-01/eeg/sub-01_task-pain_run-01_epo.fif"",4,""stim""]"	1.0	1.0	1.0	1.0	1.0	1.0	1.0	1.0	1.0	1.0	1.0	1.0	1.0	1.0	1.0	1.0	1.0	1.0	1.0	1.0	1.0	1.0	1.0	1.0	1.0	1.0	1.0	1.0	1.0	1.0	1.0	1.0	1.0	1.0	1.0	1.0	1.0	1.0	1.0	1.0	1.0	1.0	1.0	1.0	1.0	1.0	1.0	1.0	1.0	1.0	1.0	1.0	1.0	1.0	1.0	1.0	1.0	1.0	1.0	1.0	1.0	1.0
5	"[""sub-01/eeg/sub-01_task-pain_run-01_epo.fif"",5,""stim""]"	1.0	1.0	1.0	1.0	1.0	1.0	1.0	1.0	1.0	1.0	1.0	1.0	1.0	1.0	1.0	1.0	1.0	1.0	1.0	1.0	1.0	1.0	1.0	1.0	1.0	1.0	1.0	1.0	1.0	1.0	1.0	1.0	1.0	1.0	1.0	1.0	1.0	1.0	1.0	1.0	1.0	1.0	1.0	1.0	1.0	1.0	1.0	1.0	1.0	1.0	1.0	1.0	1.0	1.0	1.0	1.0	1.0	1.0	1.0	1.0	1.0	1.0
6	"[""sub-01/eeg/sub-01_task-pain_run-01_epo.fif"",6,""stim""]"	1.0	1.0	1.0	1.0	1.0	1.0	1.0	1.0	1.0	1.0	1.0	1.0	1.0	1.0	1.0	1.0	1.0	1.0	1.0	1.0	1.0	1.0	1.0	1.0	1.0	1.0	1.0	1.0	1.0	1.0	1.0	1.0	1.0	1.0	1.0	1.0	1.0	1.0	1.0	1.0	1.0	1.0	1.0	1.0	1.0	1.0	1.0	1.0	1.0	1.0	1.0	1.0	1.0	1.0	1.0	1.0	1.0	1.0	1.0	1.0	1.0	1.0
7	"[""sub-01/eeg/sub-01_task-pain_run-01_epo.fif"",7,""stim""]"	1.0	1.0	1.0	1.0	1.0	1.0	1.0	1.0	1.0	1.0	1.0	1.0	1.0	1.0	1.0	1.0	1.0	1.0	1.0	1.0	1.0	1.0	1.0	1.0	1.0	1.0	1.0	1.0	1.0	1.0	1.0	1.0	1.0	1.0	1.0	1.0	1.0	1.0	1.0	1.0	1.0	1.0	1.0	1.0	1.0	1.0	1.0	1.0	1.0	1.0	1.0	1.0	1.0	1.0	1.0	1.0	1.0	1.0	1.0	1.0	1.0	1.0
8	"[""sub-01/eeg/sub-01_task-pain_run-01_epo.fif"",8,""stim""]"	1.0	1.0	1.0	1.0	1.0	1.0	1.0	1.0	1.0	1.0	1.0	1.0	1.0	1.0	1.0	1.0	1.0	1.0	1.0	1.0	1.0	1.0	1.0	1.0	1.0	1.0	1.0	1.0	1.0	1.0	1.0	1.0	1.0	1.0	1.0	1.0	1.0	1.0	1.0	1.0	1.0	1.0	1.0	1.0	1.0	1.0	1.0	1.0	1.0	1.0	1.0	1.0	1.0	1.0	1.0	1.0	1.0	1.0	1.0	1.0	1.0	1.0
9	"[""sub-01/eeg/sub-01_task-pain_run-01_epo.fif"",9,""stim""]"	1.0	1.0	1.0	1.0	1.0	1.0	1.0	1.0	1.0	1.0	1.0	1.0	1.0	1.0	1.0	1.0	1.0	1.0	1.0	1.0	1.0	1.0	1.0	1.0	1.0	1.0	1.0	1.0	1.0	1.0	1.0	1.0	1.0	1.0	1.0	1.0	1.0	1.0	1.0	1.0	1.0	1.0	1.0	1.0	1.0	1.0	1.0	1.0	1.0	1.0	1.0	1.0	1.0	1.0	1.0	1.0	1.0	1.0	1.0	1.0	1.0	1.0
10	"[""sub-01/eeg/sub-01_task-pain_run-01_epo.fif"",10,""stim""]"	1.0	1.0	1.0	1.0	1.0	1.0	1.0	1.0	1.0	1.0	1.0	1.0	1.0	1.0	1.0	1.0	1.0	1.0	1.0	1.0	1.0	1.0	1.0	1.0	1.0	1.0	1.0	1.0	1.0	1.0	1.0	1.0	1.0	1.0	1.0	1.0	1.0	1.0	1.0	1.0	1.0	1.0	1.0	1.0	1.0	1.0	1.0	1.0	1.0	1.0	1.0	1.0	1.0	1.0	1.0	1.0	1.0	1.0	1.0	1.0	1.0	1.0
11	"[""sub-01/eeg/sub-01_task-pain_run-01_epo.fif"",11,""stim""]"	1.0	1.0	1.0	1.0	1.0	1.0	1.0	1.0	1.0	1.0	1.0	1.0	1.0	1.0	1.0	1.0	1.0	1.0	1.0	1.0	1.0	1.0	1.0	1.0	1.0	1.0	1.0	1.0	1.0	1.0	1.0	1.0	1.0	1.0	1.0	1.0	1.0	1.0	1.0	1.0	1.0	1.0	1.0	1.0	1.0	1.0	1.0	1.0	1.0	1.0	1.0	1.0	1.0	1.0	1.0	1.0	1.0	1.0	1.0	1.0	1.0	1.0
12	"[""sub-01/eeg/sub-01_task-pain_run-01_epo.fif"",12,""stim""]"	1.0	1.0	1.0	1.0	1.0	1.0	1.0	1.0	1.0	1.0	1.0	1.0	1.0	1.0	1.0	1.0	1.0	1.0	1.0	1.0	1.0	1.0	1.0	1.0	1.0	1.0	1.0	1.0	1.0	1.0	1.0	1.0	1.0	1.0	1.0	1.0	1.0	1.0	1.0	1.0	1.0	1.0	1.0	1.0	1.0	1.0	1.0	1.0	1.0	1.0	1.0	1.0	1.0	1.0	1.0	1.0	1.0	1.0	1.0	1.0	1.0	1.0
13	"[""sub-01/eeg/sub-01_task-pain_run-01_epo.fif"",13,""stim""]"	1.0	1.0	1.0	1.0	1.0	1.0	1.0	1.0	1.0	1.0	1.0	1.0	1.0	1.0	1.0	1.0	1.0	1.0	1.0	1.0	1.0	1.0	1.0	1.0	1.0	1.0	1.0	1.0	1.0	1.0	1.0	1.0	1.0	1.0	1.0	1.0	1.0	1.0	1.0	1.0	1.0	1.0	1.0	1.0	1.0	1.0	1.0	1.0	1.0	1.0	1.0	1.0	1.0	1.0	1.0	1.0	1.0	1.0	1.0	1.0	1.0	1.0
14	"[""sub-01/eeg/sub-01_task-pain_run-01_epo.fif"",14,""stim""]"	1.0	1.0	1.0	1.0	1.0	1.0	1.0	1.0	1.0	1.0	1.0	1.0	1.0	1.0	1.0	1.0	1.0	1.0	1.0	1.0	1.0	1.0	1.0	1.0	1.0	1.0	1.0	1.0	1.0	1.0	1.0	1.0	1.0	1.0	1.0	1.0	1.0	1.0	1.0	1.0	1.0	1.0	1.0	1.0	1.0	1.0	1.0	1.0	1.0	1.0	1.0	1.0	1.0	1.0	1.0	1.0	1.0	1.0	1.0	1.0	1.0	1.0
15	"[""sub-01/eeg/sub-01_task-pain_run-01_epo.fif"",15,""stim""]"	1.0	1.0	1.0	1.0	1.0	1.0	1.0	1.0	1.0	1.0	1.0	1.0	1.0	1.0	1.0	1.0	1.0	1.0	1.0	1.0	1.0	1.0	1.0	1.0	1.0	1.0	1.0	1.0	1.0	1.0	1.0	1.0	1.0	1.0	1.0	1.0	1.0	1.0	1.0	1.0	1.0	1.0	1.0	1.0	1.0	1.0	1.0	1.0	1.0	1.0	1.0	1.0	1.0	1.0	1.0	1.0	1.0	1.0	1.0	1.0	1.0	1.0
